<?xml version="1.0" encoding="UTF-8"?>
<project-private xmlns="http://www.netbeans.org/ns/project-private/1">
    <editor-bookmarks xmlns="http://www.netbeans.org/ns/editor-bookmarks/2" lastBookmarkId="0"/>
    <open-files xmlns="http://www.netbeans.org/ns/projectui-open-files/2">
        <group>
            <file>file:/E:/Users/Abi%20Cruz/Documents/BancoNOMBRE/src/banco/UsoTodo.java</file>
            <file>file:/E:/Users/Abi%20Cruz/Documents/BancoNOMBRE/src/Imagenes/banco.JPG</file>
            <file>file:/E:/Users/Abi%20Cruz/Documents/BancoNOMBRE/src/VentanaBanco/Login.java</file>
        </group>
    </open-files>
</project-private>
